<?xml version="1.0" encoding="UTF-8"?>
<!--
Created with Funkin Packer v0.1.3 https://neeeoo.github.io/funkin-packer/
-->
<TextureAtlas imagePath="bfdi-bamber.png" width="2756" height="110">
	<SubTexture name="losing0000" x="315" y="0" width="103" height="108" frameX="-23" frameY="-20" frameWidth="150" frameHeight="150"/>
	<SubTexture name="losing0001" x="105" y="0" width="101" height="107" frameX="-25" frameY="-20" frameWidth="150" frameHeight="150"/>
	<SubTexture name="losing0002" x="421" y="0" width="102" height="108" frameX="-24" frameY="-20" frameWidth="150" frameHeight="150"/>
	<SubTexture name="losing0003" x="1268" y="0" width="103" height="109" frameX="-23" frameY="-20" frameWidth="150" frameHeight="150"/>
	<SubTexture name="losing0004" x="526" y="0" width="102" height="108" frameX="-24" frameY="-20" frameWidth="150" frameHeight="150"/>
	<SubTexture name="losing0005" x="209" y="0" width="103" height="107" frameX="-24" frameY="-20" frameWidth="150" frameHeight="150"/>
	<SubTexture name="losing0006" x="1374" y="0" width="104" height="109" frameX="-23" frameY="-20" frameWidth="150" frameHeight="150"/>
	<SubTexture name="losing0007" x="2120" y="0" width="102" height="110" frameX="-25" frameY="-19" frameWidth="150" frameHeight="150"/>
	<SubTexture name="losing0008" x="2225" y="0" width="105" height="110" frameX="-23" frameY="-19" frameWidth="150" frameHeight="150"/>
	<SubTexture name="losing0009" x="1481" y="0" width="106" height="109" frameX="-22" frameY="-19" frameWidth="150" frameHeight="150"/>
	<SubTexture name="losing0010" x="631" y="0" width="104" height="108" frameX="-24" frameY="-19" frameWidth="150" frameHeight="150"/>
	<SubTexture name="losing0011" x="2333" y="0" width="106" height="110" frameX="-22" frameY="-19" frameWidth="150" frameHeight="150"/>
	<SubTexture name="losing0012" x="1590" y="0" width="104" height="109" frameX="-24" frameY="-19" frameWidth="150" frameHeight="150"/>
	<SubTexture name="losing0013" x="1697" y="0" width="103" height="109" frameX="-25" frameY="-19" frameWidth="150" frameHeight="150"/>
	<SubTexture name="losing0014" x="2442" y="0" width="101" height="110" frameX="-27" frameY="-19" frameWidth="150" frameHeight="150"/>
	<SubTexture name="losing0015" x="738" y="0" width="103" height="108" frameX="-25" frameY="-19" frameWidth="150" frameHeight="150"/>
	<SubTexture name="losing0016" x="2546" y="0" width="104" height="110" frameX="-24" frameY="-19" frameWidth="150" frameHeight="150"/>
	<SubTexture name="losing0017" x="2653" y="0" width="103" height="110" frameX="-24" frameY="-19" frameWidth="150" frameHeight="150"/>
	<SubTexture name="losing0018" x="844" y="0" width="103" height="108" frameX="-24" frameY="-19" frameWidth="150" frameHeight="150"/>
	<SubTexture name="losing0019" x="950" y="0" width="103" height="108" frameX="-24" frameY="-19" frameWidth="150" frameHeight="150"/>
	<SubTexture name="losing0020" x="1803" y="0" width="103" height="109" frameX="-23" frameY="-20" frameWidth="150" frameHeight="150"/>
	<SubTexture name="losing0021" x="1056" y="0" width="102" height="108" frameX="-24" frameY="-20" frameWidth="150" frameHeight="150"/>
	<SubTexture name="losing0022" x="1161" y="0" width="104" height="108" frameX="-22" frameY="-20" frameWidth="150" frameHeight="150"/>
	<SubTexture name="losing0023" x="1909" y="0" width="103" height="109" frameX="-23" frameY="-20" frameWidth="150" frameHeight="150"/>
	<SubTexture name="losing0024" x="2015" y="0" width="102" height="109" frameX="-24" frameY="-20" frameWidth="150" frameHeight="150"/>
	<SubTexture name="normal0000" x="0" y="0" width="102" height="104" frameX="-24" frameY="-25" frameWidth="150" frameHeight="150"/>
</TextureAtlas>