<?xml version="1.0" encoding="UTF-8"?>
<!--
Created with Funkin Packer v0.1.3 https://neeeoo.github.io/funkin-packer/
-->
<TextureAtlas imagePath="joke model obj.png" width="3190" height="136">
	<SubTexture name="losing0000" x="1770" y="0" width="114" height="134" frameX="-43" frameY="-5" frameWidth="252" frameHeight="158"/>
	<SubTexture name="losing0001" x="1770" y="0" width="114" height="134" frameX="-43" frameY="-5" frameWidth="252" frameHeight="158"/>
	<SubTexture name="losing0002" x="1887" y="0" width="114" height="134" frameX="-45" frameY="-4" frameWidth="252" frameHeight="158"/>
	<SubTexture name="losing0003" x="1887" y="0" width="114" height="134" frameX="-45" frameY="-4" frameWidth="252" frameHeight="158"/>
	<SubTexture name="losing0004" x="2239" y="0" width="113" height="135" frameX="-48" frameY="-4" frameWidth="252" frameHeight="158"/>
	<SubTexture name="losing0005" x="2713" y="0" width="119" height="136" frameX="-100" frameY="-10" frameWidth="252" frameHeight="158"/>
	<SubTexture name="losing0006" x="2355" y="0" width="116" height="135" frameX="-85" frameY="-7" frameWidth="252" frameHeight="158"/>
	<SubTexture name="losing0007" x="2004" y="0" width="114" height="134" frameX="-50" frameY="-4" frameWidth="252" frameHeight="158"/>
	<SubTexture name="losing0008" x="2004" y="0" width="114" height="134" frameX="-50" frameY="-4" frameWidth="252" frameHeight="158"/>
	<SubTexture name="losing0009" x="1395" y="0" width="115" height="132" frameX="-59" frameY="-5" frameWidth="252" frameHeight="158"/>
	<SubTexture name="losing0010" x="0" y="0" width="133" height="115" frameX="-49" frameY="-12" frameWidth="252" frameHeight="158"/>
	<SubTexture name="losing0011" x="1159" y="0" width="115" height="131" frameX="-60" frameY="-6" frameWidth="252" frameHeight="158"/>
	<SubTexture name="losing0012" x="1159" y="0" width="115" height="131" frameX="-60" frameY="-6" frameWidth="252" frameHeight="158"/>
	<SubTexture name="losing0013" x="923" y="0" width="115" height="129" frameX="-63" frameY="-7" frameWidth="252" frameHeight="158"/>
	<SubTexture name="losing0014" x="414" y="0" width="136" height="119" frameX="-0" frameY="-36" frameWidth="252" frameHeight="158"/>
	<SubTexture name="losing0015" x="2835" y="0" width="117" height="136" frameX="-99" frameY="-6" frameWidth="252" frameHeight="158"/>
	<SubTexture name="losing0016" x="1644" y="0" width="123" height="133" frameX="-23" frameY="-8" frameWidth="252" frameHeight="158"/>
	<SubTexture name="losing0017" x="2955" y="0" width="116" height="136" frameX="-96" frameY="-5" frameWidth="252" frameHeight="158"/>
	<SubTexture name="losing0018" x="2955" y="0" width="116" height="136" frameX="-96" frameY="-5" frameWidth="252" frameHeight="158"/>
	<SubTexture name="losing0019" x="3074" y="0" width="116" height="136" frameX="-94" frameY="-4" frameWidth="252" frameHeight="158"/>
	<SubTexture name="losing0020" x="2474" y="0" width="117" height="135" frameX="-33" frameY="-3" frameWidth="252" frameHeight="158"/>
	<SubTexture name="losing0021" x="2121" y="0" width="115" height="134" frameX="-49" frameY="-0" frameWidth="252" frameHeight="158"/>
	<SubTexture name="losing0022" x="2594" y="0" width="116" height="135" frameX="-90" frameY="-4" frameWidth="252" frameHeight="158"/>
	<SubTexture name="losing0023" x="2594" y="0" width="116" height="135" frameX="-90" frameY="-4" frameWidth="252" frameHeight="158"/>
	<SubTexture name="losing0024" x="1277" y="0" width="115" height="131" frameX="-70" frameY="-5" frameWidth="252" frameHeight="158"/>
	<SubTexture name="losing0025" x="136" y="0" width="136" height="115" frameX="-116" frameY="-43" frameWidth="252" frameHeight="158"/>
	<SubTexture name="losing0026" x="1041" y="0" width="115" height="129" frameX="-68" frameY="-6" frameWidth="252" frameHeight="158"/>
	<SubTexture name="losing0027" x="1041" y="0" width="115" height="129" frameX="-68" frameY="-6" frameWidth="252" frameHeight="158"/>
	<SubTexture name="losing0028" x="805" y="0" width="115" height="128" frameX="-66" frameY="-7" frameWidth="252" frameHeight="158"/>
	<SubTexture name="normal0000" x="553" y="0" width="115" height="127" frameX="-38" frameY="-9" frameWidth="187" frameHeight="137"/>
	<SubTexture name="normal0001" x="553" y="0" width="115" height="127" frameX="-38" frameY="-9" frameWidth="187" frameHeight="137"/>
	<SubTexture name="normal0002" x="553" y="0" width="115" height="127" frameX="-38" frameY="-9" frameWidth="187" frameHeight="137"/>
	<SubTexture name="normal0003" x="553" y="0" width="115" height="127" frameX="-38" frameY="-9" frameWidth="187" frameHeight="137"/>
	<SubTexture name="normal0004" x="553" y="0" width="115" height="127" frameX="-38" frameY="-9" frameWidth="187" frameHeight="137"/>
	<SubTexture name="normal0005" x="553" y="0" width="115" height="127" frameX="-38" frameY="-9" frameWidth="187" frameHeight="137"/>
	<SubTexture name="normal0006" x="553" y="0" width="115" height="127" frameX="-38" frameY="-9" frameWidth="187" frameHeight="137"/>
	<SubTexture name="normal0007" x="553" y="0" width="115" height="127" frameX="-38" frameY="-9" frameWidth="187" frameHeight="137"/>
	<SubTexture name="normal0008" x="553" y="0" width="115" height="127" frameX="-38" frameY="-9" frameWidth="187" frameHeight="137"/>
	<SubTexture name="normal0009" x="553" y="0" width="115" height="127" frameX="-38" frameY="-9" frameWidth="187" frameHeight="137"/>
	<SubTexture name="normal0010" x="553" y="0" width="115" height="127" frameX="-38" frameY="-9" frameWidth="187" frameHeight="137"/>
	<SubTexture name="normal0011" x="553" y="0" width="115" height="127" frameX="-38" frameY="-9" frameWidth="187" frameHeight="137"/>
	<SubTexture name="normal0012" x="553" y="0" width="115" height="127" frameX="-38" frameY="-9" frameWidth="187" frameHeight="137"/>
	<SubTexture name="normal0013" x="553" y="0" width="115" height="127" frameX="-38" frameY="-9" frameWidth="187" frameHeight="137"/>
	<SubTexture name="normal0014" x="671" y="0" width="131" height="127" frameX="-55" frameY="-8" frameWidth="187" frameHeight="137"/>
	<SubTexture name="normal0015" x="1513" y="0" width="128" height="132" frameX="-50" frameY="-0" frameWidth="187" frameHeight="137"/>
	<SubTexture name="normal0016" x="275" y="0" width="136" height="116" frameX="-0" frameY="-18" frameWidth="187" frameHeight="137"/>
	<SubTexture name="normal0017" x="553" y="0" width="115" height="127" frameX="-38" frameY="-9" frameWidth="187" frameHeight="137"/>
	<SubTexture name="normal0018" x="553" y="0" width="115" height="127" frameX="-38" frameY="-9" frameWidth="187" frameHeight="137"/>
	<SubTexture name="normal0019" x="553" y="0" width="115" height="127" frameX="-38" frameY="-9" frameWidth="187" frameHeight="137"/>
	<SubTexture name="normal0020" x="553" y="0" width="115" height="127" frameX="-38" frameY="-9" frameWidth="187" frameHeight="137"/>
	<SubTexture name="normal0021" x="553" y="0" width="115" height="127" frameX="-38" frameY="-9" frameWidth="187" frameHeight="137"/>
	<SubTexture name="normal0022" x="553" y="0" width="115" height="127" frameX="-38" frameY="-9" frameWidth="187" frameHeight="137"/>
	<SubTexture name="normal0023" x="553" y="0" width="115" height="127" frameX="-38" frameY="-9" frameWidth="187" frameHeight="137"/>
	<SubTexture name="normal0024" x="553" y="0" width="115" height="127" frameX="-38" frameY="-9" frameWidth="187" frameHeight="137"/>
	<SubTexture name="normal0025" x="553" y="0" width="115" height="127" frameX="-38" frameY="-9" frameWidth="187" frameHeight="137"/>
	<SubTexture name="normal0026" x="553" y="0" width="115" height="127" frameX="-38" frameY="-9" frameWidth="187" frameHeight="137"/>
	<SubTexture name="normal0027" x="553" y="0" width="115" height="127" frameX="-38" frameY="-9" frameWidth="187" frameHeight="137"/>
	<SubTexture name="normal0028" x="553" y="0" width="115" height="127" frameX="-38" frameY="-9" frameWidth="187" frameHeight="137"/>
</TextureAtlas>