<?xml version="1.0" encoding="UTF-8"?>
<!--
Created with Funkin Packer v0.1.3 https://neeeoo.github.io/funkin-packer/
-->
<TextureAtlas imagePath="bfdi-bf.png" width="2457" height="87">
	<SubTexture name="losing0000" x="1500" y="0" width="93" height="87" frameX="-28" frameY="-32" frameWidth="150" frameHeight="150"/>
	<SubTexture name="losing0001" x="1596" y="0" width="93" height="87" frameX="-28" frameY="-32" frameWidth="150" frameHeight="150"/>
	<SubTexture name="losing0002" x="1692" y="0" width="93" height="87" frameX="-28" frameY="-32" frameWidth="150" frameHeight="150"/>
	<SubTexture name="losing0003" x="1788" y="0" width="93" height="87" frameX="-28" frameY="-32" frameWidth="150" frameHeight="150"/>
	<SubTexture name="losing0004" x="1884" y="0" width="93" height="87" frameX="-28" frameY="-32" frameWidth="150" frameHeight="150"/>
	<SubTexture name="losing0005" x="1014" y="0" width="93" height="86" frameX="-28" frameY="-32" frameWidth="150" frameHeight="150"/>
	<SubTexture name="losing0006" x="1110" y="0" width="94" height="86" frameX="-28" frameY="-32" frameWidth="150" frameHeight="150"/>
	<SubTexture name="losing0007" x="1207" y="0" width="95" height="86" frameX="-27" frameY="-32" frameWidth="150" frameHeight="150"/>
	<SubTexture name="losing0008" x="718" y="0" width="95" height="85" frameX="-27" frameY="-33" frameWidth="150" frameHeight="150"/>
	<SubTexture name="losing0009" x="518" y="0" width="97" height="84" frameX="-26" frameY="-33" frameWidth="150" frameHeight="150"/>
	<SubTexture name="losing0010" x="314" y="0" width="99" height="83" frameX="-25" frameY="-34" frameWidth="150" frameHeight="150"/>
	<SubTexture name="losing0011" x="106" y="0" width="101" height="82" frameX="-24" frameY="-34" frameWidth="150" frameHeight="150"/>
	<SubTexture name="losing0012" x="0" y="0" width="103" height="80" frameX="-23" frameY="-35" frameWidth="150" frameHeight="150"/>
	<SubTexture name="losing0013" x="210" y="0" width="101" height="82" frameX="-24" frameY="-34" frameWidth="150" frameHeight="150"/>
	<SubTexture name="losing0014" x="416" y="0" width="99" height="83" frameX="-25" frameY="-34" frameWidth="150" frameHeight="150"/>
	<SubTexture name="losing0015" x="618" y="0" width="97" height="84" frameX="-26" frameY="-33" frameWidth="150" frameHeight="150"/>
	<SubTexture name="losing0016" x="816" y="0" width="96" height="85" frameX="-27" frameY="-33" frameWidth="150" frameHeight="150"/>
	<SubTexture name="losing0017" x="1305" y="0" width="95" height="86" frameX="-27" frameY="-32" frameWidth="150" frameHeight="150"/>
	<SubTexture name="losing0018" x="1403" y="0" width="94" height="86" frameX="-28" frameY="-32" frameWidth="150" frameHeight="150"/>
	<SubTexture name="losing0019" x="1980" y="0" width="93" height="87" frameX="-28" frameY="-32" frameWidth="150" frameHeight="150"/>
	<SubTexture name="losing0020" x="2076" y="0" width="93" height="87" frameX="-28" frameY="-32" frameWidth="150" frameHeight="150"/>
	<SubTexture name="losing0021" x="2172" y="0" width="93" height="87" frameX="-28" frameY="-32" frameWidth="150" frameHeight="150"/>
	<SubTexture name="losing0022" x="2268" y="0" width="93" height="87" frameX="-28" frameY="-32" frameWidth="150" frameHeight="150"/>
	<SubTexture name="losing0023" x="2364" y="0" width="93" height="87" frameX="-28" frameY="-32" frameWidth="150" frameHeight="150"/>
	<SubTexture name="losing0024" x="1500" y="0" width="93" height="87" frameX="-28" frameY="-32" frameWidth="150" frameHeight="150"/>
	<SubTexture name="normal0000" x="915" y="0" width="96" height="85" frameX="-26" frameY="-34" frameWidth="150" frameHeight="150"/>
</TextureAtlas>